firstname;gender;probability
laure;female;0.97
igor;male;0.99
lijun;female;0.51
pietro;male;0.99
lucie;female;0.99
gabriele;male;0.85
muhammad;male;1.0
gianluigi;male;0.99
ganesan;male;0.95
virgile;male;0.97
mieke;female;0.99
marek;male;0.99
cesare;male;0.99
ludovic;male;0.99
markus;male;1.0
ahmed;male;0.98
levs;male;0.88
walter;male;1.0
stéphanie;female;0.99
nikola;male;0.56
dennis;male;0.99
jaco;male;0.97
barbora;female;0.99
hugo;male;0.99
nathalie;female;1.0
susanne;female;0.98
piotr;male;1.0
antti;male;1.0
guillermo;male;0.99
xuewen;male;0.71
aleksandar;male;1.0
ajitha;female;0.93
roberto;male;0.99
pengfei;male;0.99
robert;male;0.99
joost-pieter;male;1.0
lingyun;male;0.52
diego;male;0.99
frank;male;0.99
luca;male;0.96
cyrille;male;0.95
ilina;female;0.96
min;male;0.57
marie-christine;female;0.98
kitti;female;0.89
dan;male;0.95
jan;male;1.0
filip;male;0.98
akram;male;0.96
fritz;male;0.95
jacques;male;0.98
gerhard;male;0.99
nobuko;female;0.99
tom;male;0.99
bo-yuan;male;1.0
marc;male;0.99
ferdinand;male;0.99
anton;male;0.97
steffen;male;1.0
tiziana;female;0.99
antonio;male;0.99
jakob;male;0.99
pierre;male;0.99
jiaqi;female;0.58
ivan;male;1.0
maciej;male;1.0
douglas;male;0.99
shakil;male;0.98
aurore;female;0.98
patrick;male;0.99
thomas;male;0.99
anne-kathrin;female;0.96
ken;male;0.98
søren;male;1.0
sebastian;male;0.99
tim;male;0.99
paul;male;0.99
marsha;female;0.96
akihisa;male;0.99
golnaz;female;0.98
kathleen;female;1.0
marielle;female;0.98
laura;female;0.98
christophe;male;0.99
gustavo;male;0.98
si;male;0.71
alfred;male;0.98
li-yao;;0.0
neil;male;0.99
aart;male;0.97
jurriaan;male;0.98
advaita;male;0.56
ekaterina;female;0.98
tomoya;male;1.0
geoffrey;male;0.99
milan;male;0.99
alexandre;male;0.99
stefan;male;0.98
grigory;male;0.99
natsuki;female;0.8
abhishek;male;1.0
alessandro;male;0.99
lutz;male;0.98
priyanka;female;0.98
tachio;male;1.0
willem;male;0.98
sophie;female;0.98
tarmo;male;0.99
alexis;male;0.91
nikolaj;male;0.99
kareem;male;0.97
john;male;0.99
eugene;male;0.95
konstantinos;male;0.99
mi-jung;female;1.0
hiroshi;male;0.99
huu-phuc;male;1.0
rekha;female;0.96
veronika;female;0.99
kim;female;0.56
sandrine;female;0.98
ismail;male;0.97
iason;male;0.99
amit;male;0.99
roland;male;0.99
chao;male;0.85
patrice;male;0.97
lukrécia;;0.0
mikołaj;;0.0
iulia;female;0.97
juliana;female;1.0
falk;male;0.99
joshua;male;0.99
rahul;male;0.99
pritom;male;1.0
yuliya;female;0.98
ondrej;male;0.99
luke;male;0.99
petar;male;0.99
ruo;female;0.54
emilio;male;0.99
severin;male;0.95
mihaela;female;0.98
hans;male;0.97
adrian;male;0.99
panagiotis;male;0.99
greta;female;0.98
ezio;male;0.99
damiano;male;0.99
xuechao;male;1.0
lu;female;0.57
victor;male;0.99
mathias;male;0.99
antónio;male;0.98
marie;female;0.98
danny;male;0.95
sergueï;male;1.0
matteo;male;0.99
hila;female;0.7
preey;female;1.0
cinzia;female;0.99
cécile;female;1.0
bruce;male;0.98
mahmoud;male;0.98
herbert;male;0.98
yutaka;male;0.99
franco;male;0.99
frédéric;male;1.0
heike;female;0.98
paulin;male;1.0
stefano;male;0.99
michael;male;0.99
carlo;male;1.0
lawton;male;0.94
flemming;male;1.0
ornela;female;0.98
raveendra;male;1.0
philip;male;0.99
assel;female;0.9
alexander;male;0.99
tomas;male;0.99
aliaksandr;male;1.0
ana;female;0.98
hernán;;0.0
josef;male;0.98
utkarsh;male;0.99
stephen;male;0.99
mattias;male;0.99
goetz;male;0.85
karam;male;0.9
matthias;male;1.0
robbert;male;0.98
nathanael;male;0.98
artur;male;1.0
helmut;male;0.99
michele;male;0.86
valeria;female;0.99
barbara;female;0.98
mario;male;0.99
satoshi;male;1.0
ryan;male;0.99
florent;male;0.99
kalev;male;0.97
philipp;male;1.0
raphaela;female;0.96
pavol;male;0.99
hana;female;0.98
nicolas;male;0.99
florian;male;0.99
fan;male;0.56
cormac;male;1.0
jerome;male;0.99
stylianos;male;0.99
jérémy;male;1.0
michalis;male;0.99
amiram;male;1.0
christian;male;0.99
cristina;female;0.99
alexios;male;0.97
ivana;female;0.99
matthieu;male;0.99
jameleddine;male;1.0
fabio;male;0.99
sarfraz;male;0.98
adam;male;0.98
hubert;male;0.98
gianfranco;male;0.99
maurizio;male;0.99
junkil;male;1.0
gwen;female;0.79
kuldeep;male;0.99
christel;female;0.96
vladimir;male;0.99
bernardo;male;0.99
leander;male;0.96
mohammad;male;0.98
andrew;male;0.99
nathan;male;0.99
andré;male;1.0
noam;male;0.94
francesco;male;0.99
jean;male;0.95
pavel;male;0.98
deepak;male;0.99
lucas;male;0.98
thao;female;0.73
eun-young;female;0.98
rinat;male;0.92
oded;male;0.98
armaël;male;1.0
marko;male;0.99
maria;female;0.98
dominique;male;0.57
anne;female;0.97
christopher;male;0.99
guido;male;0.99
vivek;male;0.99
ningning;female;0.79
peter;male;0.99
andrea;male;0.62
wytse;male;1.0
wil;male;0.8
nikita;female;0.52
david;male;0.99
leen;female;0.8
dominik;male;0.99
anila;female;0.96
isabel;female;1.0
andreia;female;0.98
martin;male;0.98
wen;female;0.54
michela;female;0.99
tatjana;female;0.98
marta;female;0.98
fangyi;female;0.8
dietrich;male;0.91
margus;male;0.97
nicola;male;0.85
sven;male;0.99
felipe;male;1.0
ran;male;0.58
luís;male;1.0
marvin;male;0.99
richard;male;0.99
armin;male;0.97
joonyoung;male;0.94
franz;male;0.97
todd;male;0.99
taro;male;0.93
le;male;0.79
vojtech;male;0.99
aivo;male;0.94
mohamed;male;0.98
reiner;male;0.99
sebastiaan;male;1.0
claire;female;0.97
luciano;male;0.99
einar;male;0.98
asad;male;0.97
petr;male;0.98
mikhail;male;0.99
maxim;male;0.97
sergey;male;1.0
daniel;male;1.0
zvonimir;male;0.99
max;male;0.98
yann;male;0.98
natasha;female;0.98
hasan;male;0.97
gerald;male;0.99
valeriy;male;0.98
caroline;female;0.98
don;male;0.98
romain;male;0.99
cristian;male;0.99
clemens;male;0.99
pablo;male;0.99
vasco;male;0.98
ronan;male;0.99
reiko;female;0.79
rolf;male;0.99
vadim;male;1.0
pierre-louis;male;0.98
jens;male;0.99
zhong;male;0.79
brian;male;0.99
maico;male;0.91
arnd;male;0.98
glen;male;0.55
fabian;male;0.99
alex;male;0.9
ramon;male;0.98
clovis;male;0.98
benoit;male;0.99
simon;male;0.98
francisco;male;0.99
eran;male;0.97
marieke;female;0.98
benjamin;male;0.99
alexej;male;0.99
li;female;0.63
aleks;male;0.9
stephanie;female;0.98
pedro;male;0.99
xavier;male;0.99
cezar;male;1.0
henrich;male;0.97
julian;male;0.98
ondřej;;0.0
atsushi;male;1.0
konrad;male;1.0
claudio;male;0.99
emanuele;male;0.99
jean-marc;male;0.99
thorsten;male;1.0
holger;male;0.99
gerrit;male;0.99
rosa;female;0.98
maja;female;0.97
bernhard;male;1.0
maximilian;male;1.0
albert;male;0.98
marius;male;0.99
quentin;male;0.99
marco;male;0.99
tobias;male;1.0
klaas;male;0.96
lukas;male;0.99
vincenzo;male;0.99
henning;male;0.99
shubham;male;0.99
silvia;female;1.0
giulio;male;0.99
jacques-henri;male;0.95
nils;male;0.99
michaela;female;0.99
vincent;male;0.99
jiri;male;0.99
dylan;male;0.98
ozan;male;0.97
carsten;male;1.0
elvira;female;0.98
pille;female;0.62
dirk;male;0.99
cedric;male;0.99
samuel;male;0.99
yuichi;male;0.99
gouhere;female;1.0
georgiana;female;0.98
wojciech;male;1.0
lin;female;0.63
ka;female;0.61
jonathan;male;0.99
jules;male;0.89
addradu;;0.0
frederic;male;0.99
paolo;male;1.0
eti;female;0.56
viktor;male;0.99
lukáš;male;1.0
matej;male;0.99
lars;male;0.99
pawel;male;0.99
yu-yang;male;1.0
catuscia;female;1.0
malte;male;0.99
denis;male;0.96
fernando;male;0.99
andrzej;male;0.99
gregor;male;0.99
ashutosh;male;0.99
véronique;female;1.1
dexter;male;0.98
sandra;female;0.98
zena;female;0.91
rob;male;0.98
nikos;male;0.99
mahsa;female;0.98
giorgio;male;0.99
ugo;male;0.97
christine;female;0.99
dmitry;male;1.0
jeremy;male;1.0
reinhard;male;0.99
jasper;male;0.98
carolyn;female;0.98
cynthia;female;0.99
fabrice;male;0.99
samuele;male;0.99
sharon;female;0.98
patricia;female;0.98
dana;female;0.95
heckel;male;1.0
joost;male;0.99
grigore;male;0.72
esther;female;0.99
manuel;male;0.99
ilya;male;0.97
caterina;female;0.99
lenore;female;0.95
salomon;male;0.97
till;male;0.98
sławomir;;0.0
alexandra;female;0.98
orna;female;0.92
ranko;male;0.98
claudia;female;0.98
s.n.;;0.0
alessio;male;0.99
szymon;male;1.0
radu;male;0.87
takeshi;male;1.0
arthur;male;0.99
nicoletta;female;0.99
maribel;female;0.99
tommaso;male;0.99
ritam;male;0.74
samson;male;0.97
chris;male;0.9
yih-kuen;;0.0
farzaneh;female;0.99
ernst-ruediger;;0.0
bartek;male;1.0
lison;female;0.91
k.;;0.0
matthew;male;1.0
delia;female;0.98
jonas;male;0.99
hans-peter;male;1.0
yōji;;0.0
moshe;male;0.98
mirco;male;0.99
elena;female;0.99
jean-francois;male;0.99
stéphane;male;0.99
toshiya;male;0.98
or;male;0.56
farzad;male;0.99
yousra;female;0.98
margherita;female;0.99
robin;male;0.93
roy;male;0.98
g.;;0.0
christoph;male;1.0
simone;male;0.75
gal;male;0.84
shin-ya;male;1.0
wenhui;male;0.53
ambrus;male;0.72
a.;;0.0
joseph;male;0.99
anca;female;0.96
chuangjie;;0.0
engel;female;0.65
jesko;male;0.99
stijn;male;0.99
silvio;male;0.99
santiago;male;0.98
rémi;male;0.93
gerco;male;0.99
adriano;male;0.99
bartosz;male;1.0
shibashis;male;1.0
daniele;male;0.95
javier;male;0.99
sophia;female;0.97
angelo;male;0.98
tetsuya;male;1.0
loïc;;0.0
luc;male;0.97
peeyush;male;1.0
deivid;male;0.99
bernd;male;0.99
jürgen;male;0.99
salma;female;0.98
valentina;female;0.99
paweł;male;1.0
leila;female;0.99
george;male;0.98
petra;female;0.99
mrudula;female;1.0
chase;male;0.97
serdar;male;0.97
alvim;male;1.0
sonia;female;0.98
marcin;male;1.0
pieter;male;0.99
davide;male;0.99
mauricio;male;0.98
suguman;;0.0
jakub;male;0.99
emilie;female;0.98
enrico;male;0.99
chad;male;0.99
filippo;male;0.99
neel;male;0.84
jorge;male;0.99
stelios;male;0.99
jean-baptiste;male;0.99
sougata;male;0.96
ralph;male;0.99
shahar;male;0.83
julien;male;0.99
marino;male;0.94
elsa;female;0.98
marina;female;0.98
yuji;male;0.97
renaud;male;0.98
joerg;male;0.99
yong;male;0.88
ulrich;male;0.98
keita;male;0.87
dmitrij;male;0.99
jean-simon;male;1.0
arnaud;male;0.99
kenji;male;0.98
mohnish;male;1.0
stephane;male;0.99
jános;;0.0
uli;male;0.74
dariusz;male;1.0
léo;;0.0
karin;female;0.97
zhe;male;0.82
lorenzo;male;0.99
brink;male;0.96
pasquale;male;0.99
philippe;male;0.99
guillaume;male;0.99
zoé;;0.0
guy;male;0.98
nathanaël;;0.0
sadegh;male;0.99
steve;male;0.99
fredrik;male;0.99
jérôme;male;1.0
qiyi;male;0.6
ross;male;0.82
lukasz;male;0.99
laurent;male;0.99
yoshihiro;male;1.0
gheorghe;male;0.85
andreas;male;0.99
thore;male;0.99
viorica;female;0.99
liam;male;0.98
rachid;male;0.97
josé;male;0.97
vitus;male;0.95
jordi;male;0.99
constantin;male;0.91
eric;male;0.99
damien;male;0.99
yuxin;female;0.75
xinyu;female;0.54
flavien;male;0.99
alfons;male;0.97
rasmus;male;0.99
sarah;female;0.98
benedikt;male;1.0
crystal;female;0.92
eryk;male;0.99
ori;male;0.62
achim;male;0.96
hermann;male;0.98
hellis;female;0.71
yliès;;0.0
james;male;0.99
yakir;male;1.0
francois;male;0.98
vasileios;male;1.0
shane;male;0.89
elaine;female;0.98
vitum;male;1.0
tony;male;0.98
sylvain;male;0.99
nelma;female;0.98
dariumz;;0.0
colin;male;0.98
guillause;;0.0
jonni;male;0.98
takafusi;;0.0
reuben;male;0.99
kathrin;female;0.97
fqdifjodqfjiqdf;;0.0
mohammad ahmad abdulaziz ali;;0.0
cezar constantin;;0.0
paul e.;;0.0
jan olaf;;0.0
ruo fei;;0.0
walter rance;;0.0
hasan ferit;;0.0
juliana patricia;;0.0
carlo alberto;;0.0
kitti erzsébet;;0.0
paolo g.;;0.0
jan friso;;0.0
maximilian p. l.;;0.0
einar broch;;0.0
mahmoud khaled mohamed;;0.0
muhammad numair;;0.0
raveendra kumar;;0.0
kuldeep s.;;0.0
felipe rodrigues;;0.0
le thanh dung;;0.0
muhammad mahmoud;;0.0
isabel cristina;;0.0
danny bøgsted;;0.0
ka i;;0.0
mikhail yasha;;0.0
philipp dominik;;0.0
preey hiten;;0.0
silvia lizeth;;0.0
daniel alberto;;0.0
vasco t.;;0.0
paulin jacobé;;0.0
kathrin maria;;0.0
